feature,random_forest,linear_regression,mutual_information,correlation
is_festival,2.210158198728389,1.4232277391227142,1.0,2.7618816440921092
is_holiday,2.33414426562301,1.0,1.0,2.4351734900850337
is_monday,5.0,5.0,5.0,5.0
is_tues_to_fri,1.3181121515242193,1.0580238114733218,3.0114315020195686,1.0
is_sat_sun,2.322381707151526,4.098005463872928,1.6378221916601854,4.04948920774584
is_second_saturday,1.0,1.3801434302218198,2.9499051072563827,1.518441482431069
